{
  "providers": {
    "awscloudformation": {
      "AuthRoleName": "amplify-fitnessproject-dev-145229-authRole",
      "UnauthRoleArn": "arn:aws:iam::213277979580:role/amplify-fitnessproject-dev-145229-unauthRole",
      "AuthRoleArn": "arn:aws:iam::213277979580:role/amplify-fitnessproject-dev-145229-authRole",
      "Region": "us-west-2",
      "DeploymentBucketName": "amplify-fitnessproject-dev-145229-deployment",
      "UnauthRoleName": "amplify-fitnessproject-dev-145229-unauthRole",
      "StackName": "amplify-fitnessproject-dev-145229",
      "StackId": "arn:aws:cloudformation:us-west-2:213277979580:stack/amplify-fitnessproject-dev-145229/711c6b90-ec9d-11ea-9835-02c0a024eac5",
      "AmplifyAppId": "d19kzf7eu35pq1"
    }
  },
  "auth": {
    "fitnessprojecta8f49cfe": {
      "service": "Cognito",
      "providerPlugin": "awscloudformation",
      "dependsOn": [],
      "customAuth": false,
      "output": {
        "AppClientSecret": "kv61qlgjt4os263emqaddoic356j58ftomi2vbjohsl7gj0f97g",
        "UserPoolId": "us-west-2_0NKCpgQaA",
        "AppClientIDWeb": "6pff6n0kjjhnqr5bqc2fopobbd",
        "AppClientID": "7of0i6ajsto707gps5mhrnr6lk",
        "IdentityPoolId": "us-west-2:b299642c-b62c-4b76-83f9-a86223dd8a1d",
        "IdentityPoolName": "fitnessprojecta8f49cfe_identitypool_a8f49cfe__dev",
        "UserPoolName": "fitnessprojecta8f49cfe_userpool_a8f49cfe"
      },
      "lastPushTimeStamp": "2020-12-04T00:29:19.372Z",
      "providerMetadata": {
        "s3TemplateURL": "https://s3.amazonaws.com/amplify-fitnessproject-dev-145229-deployment/amplify-cfn-templates/auth/fitnessprojecta8f49cfe-cloudformation-template.yml",
        "logicalId": "authfitnessprojecta8f49cfe"
      }
    }
  },
  "api": {
    "fitnessproject": {
      "service": "AppSync",
      "providerPlugin": "awscloudformation",
      "output": {
        "authConfig": {
          "defaultAuthentication": {
            "authenticationType": "AMAZON_COGNITO_USER_POOLS",
            "userPoolConfig": {
              "userPoolId": "authfitnessprojecta8f49cfe"
            }
          },
          "additionalAuthenticationProviders": []
        },
        "GraphQLAPIIdOutput": "6h6e5mlmkjdb3dzl7jmf34rv6e",
        "GraphQLAPIEndpointOutput": "https://ssefvdm5erfqjehcvxxtjmczgy.appsync-api.us-west-2.amazonaws.com/graphql"
      },
      "lastPushTimeStamp": "2020-12-04T00:29:19.378Z",
      "providerMetadata": {
        "s3TemplateURL": "https://s3.amazonaws.com/amplify-fitnessproject-dev-145229-deployment/amplify-cfn-templates/api/cloudformation-template.json",
        "logicalId": "apifitnessproject"
      },
      "lastPushDirHash": "9qvsJQYBOwmn33mZZh7YxiQwogc="
    }
  },
  "function": {
    "pushNotification": {
      "build": true,
      "providerPlugin": "awscloudformation",
      "service": "Lambda",
      "dependsOn": [
        {
          "category": "api",
          "resourceName": "fitnessproject",
          "attributes": [
            "GraphQLAPIIdOutput",
            "GraphQLAPIEndpointOutput"
          ]
        }
      ],
      "output": {
        "Region": "us-west-2",
        "Arn": "arn:aws:lambda:us-west-2:213277979580:function:pushNotification-dev",
        "Name": "pushNotification-dev",
        "LambdaExecutionRole": "fitnessprojectLambdaRole0ed96065-dev"
      },
      "lastPushTimeStamp": "2020-12-04T00:29:19.382Z",
      "providerMetadata": {
        "s3TemplateURL": "https://s3.amazonaws.com/amplify-fitnessproject-dev-145229-deployment/amplify-cfn-templates/function/pushNotification-cloudformation-template.json",
        "logicalId": "functionpushNotification"
      },
      "lastBuildTimeStamp": "2020-11-18T03:32:06.710Z",
      "lastPackageTimeStamp": "2020-11-18T03:32:06.971Z",
      "distZipFilename": "pushNotification-6779474e59726f673267-build.zip",
      "lastPushDirHash": "sOJbOpkuXcmxDS4eb1dGj6bhBYE="
    },
    "pinpoint": {
      "build": true,
      "providerPlugin": "awscloudformation",
      "service": "Lambda",
      "dependsOn": [
        {
          "category": "analytics",
          "resourceName": "fitnessproject",
          "attributes": [
            "Id",
            "Region"
          ]
        }
      ],
      "output": {
        "Region": "us-west-2",
        "Arn": "arn:aws:lambda:us-west-2:213277979580:function:pinpoint-dev",
        "Name": "pinpoint-dev",
        "LambdaExecutionRole": "fitnessprojectLambdaRole5328e379-dev"
      },
      "lastPushTimeStamp": "2020-12-04T00:29:19.385Z",
      "providerMetadata": {
        "s3TemplateURL": "https://s3.amazonaws.com/amplify-fitnessproject-dev-145229-deployment/amplify-cfn-templates/function/pinpoint-cloudformation-template.json",
        "logicalId": "functionpinpoint"
      },
      "lastBuildTimeStamp": "2020-11-18T03:32:06.715Z",
      "lastPackageTimeStamp": "2020-11-18T03:32:06.983Z",
      "distZipFilename": "pinpoint-336758496575717a674c-build.zip",
      "lastPushDirHash": "H4BZUnxqsPnmtvtN4+bqvcdu5hc="
    },
    "S3Triggeref91c1ec": {
      "service": "Lambda",
      "providerPlugin": "awscloudformation",
      "build": true,
      "dependsOn": [],
      "output": {
        "Region": "us-west-2",
        "Arn": "arn:aws:lambda:us-west-2:213277979580:function:S3Triggeref91c1ec-dev",
        "Name": "S3Triggeref91c1ec-dev",
        "LambdaExecutionRole": "S3Triggeref91c1ecLambdaRoleef91c1ec-dev"
      },
      "lastPushTimeStamp": "2020-12-04T00:29:19.405Z",
      "providerMetadata": {
        "s3TemplateURL": "https://s3.amazonaws.com/amplify-fitnessproject-dev-145229-deployment/amplify-cfn-templates/function/S3Triggeref91c1ec-cloudformation-template.json",
        "logicalId": "functionS3Triggeref91c1ec"
      },
      "lastBuildTimeStamp": "2020-12-04T00:28:13.472Z",
      "lastPackageTimeStamp": "2020-12-04T00:28:15.646Z",
      "distZipFilename": "S3Triggeref91c1ec-3651664632763576394e-build.zip",
      "lastPushDirHash": "lHDJJP6sf5C+VRPkbkssWzEUe/w="
    }
  },
  "storage": {
    "media": {
      "service": "S3",
      "providerPlugin": "awscloudformation",
      "dependsOn": [
        {
          "category": "function",
          "resourceName": "S3Triggeref91c1ec",
          "attributes": [
            "Name",
            "Arn",
            "LambdaExecutionRole"
          ]
        }
      ],
      "output": {
        "BucketName": "fitnessproject990b7c5f3b1e4687a61074386ec11c28145229-dev",
        "Region": "us-west-2"
      },
      "lastPushTimeStamp": "2020-12-04T00:29:19.390Z",
      "providerMetadata": {
        "s3TemplateURL": "https://s3.amazonaws.com/amplify-fitnessproject-dev-145229-deployment/amplify-cfn-templates/storage/s3-cloudformation-template.json",
        "logicalId": "storagemedia"
      },
      "lastPushDirHash": "Sahs8KDuKqGW9r+VU3e8zeO98uo="
    }
  },
  "hosting": {
    "amplifyhosting": {
      "service": "amplifyhosting",
      "providerPlugin": "awscloudformation",
      "type": "manual",
      "output": {},
      "lastPushTimeStamp": "2020-12-04T00:29:19.392Z",
      "providerMetadata": {
        "s3TemplateURL": "https://s3.amazonaws.com/amplify-fitnessproject-dev-145229-deployment/amplify-cfn-templates/hosting/amplifyhosting-template.json",
        "logicalId": "hostingamplifyhosting"
      }
    }
  },
  "analytics": {
    "fitnessproject": {
      "service": "Pinpoint",
      "providerPlugin": "awscloudformation",
      "output": {
        "appName": "fitnessproject-dev",
        "Region": "us-west-2",
        "Id": "d44166cc999c47a3a3a211b698231376"
      },
      "lastPushTimeStamp": "2020-12-04T00:29:19.395Z",
      "providerMetadata": {
        "s3TemplateURL": "https://s3.amazonaws.com/amplify-fitnessproject-dev-145229-deployment/amplify-cfn-templates/analytics/pinpoint-cloudformation-template.json",
        "logicalId": "analyticsfitnessproject"
      }
    }
  }
}