{
  "auth": {
    "fitnessprojecta8f49cfe": {
      "service": "Cognito",
      "providerPlugin": "awscloudformation",
      "dependsOn": [],
      "customAuth": false
    }
  },
  "api": {
    "fitnessproject": {
      "service": "AppSync",
      "providerPlugin": "awscloudformation",
      "output": {
        "authConfig": {
          "defaultAuthentication": {
            "authenticationType": "AMAZON_COGNITO_USER_POOLS",
            "userPoolConfig": {
              "userPoolId": "authfitnessprojecta8f49cfe"
            }
          },
          "additionalAuthenticationProviders": []
        }
      }
    }
  },
  "function": {
    "pushNotification": {
      "build": true,
      "providerPlugin": "awscloudformation",
      "service": "Lambda",
      "dependsOn": [
        {
          "category": "api",
          "resourceName": "fitnessproject",
          "attributes": [
            "GraphQLAPIIdOutput",
            "GraphQLAPIEndpointOutput"
          ]
        }
      ]
    },
    "pinpoint": {
      "build": true,
      "providerPlugin": "awscloudformation",
      "service": "Lambda",
      "dependsOn": [
        {
          "category": "analytics",
          "resourceName": "fitnessproject",
          "attributes": [
            "Id",
            "Region"
          ]
        }
      ]
    },
    "S3Triggeref91c1ec": {
      "service": "Lambda",
      "providerPlugin": "awscloudformation",
      "build": true,
      "dependsOn": []
    }
  },
  "storage": {
    "media": {
      "service": "S3",
      "providerPlugin": "awscloudformation",
      "dependsOn": [
        {
          "category": "function",
          "resourceName": "S3Triggeref91c1ec",
          "attributes": [
            "Name",
            "Arn",
            "LambdaExecutionRole"
          ]
        }
      ]
    }
  },
  "hosting": {
    "amplifyhosting": {
      "service": "amplifyhosting",
      "providerPlugin": "awscloudformation",
      "type": "manual"
    }
  },
  "analytics": {
    "fitnessproject": {
      "service": "Pinpoint",
      "providerPlugin": "awscloudformation"
    }
  }
}